앱평가,기능,콘텐츠,결제
좋아요,화면,영화,결제
굿,영상,자막,무료
넷플릭스,기능,드라마,이용
좋은데,사용,컨텐츠,돈
앱,재생,애니,가입
최고,업데이트,시즌,계정
좋음,화질,시청,가격
좋습니다,설정,영어,해지
좋은,폰,콘텐츠,자동
굳,오류,한국,사용자
넷플,배속,시리즈,카드
좋네요,문제,다양한,구독
짱,어플,작품,유료
많은,모바일,한글,환불
추천,삭제,프로그램,고객
좋다,지원,미드,프리미엄
별로,조절,해리포터,정액
많아요,해결,한국어,기간
서비스,검색,정도,공짜
많고,인증,재밌어요,체험
개선,티비,사랑,요금
조아요,실행,애니메이션,내고
아쉽네요,로그인,예능,결재
좋아용,접속,칼날,멤버십
굿굿,설치,하이큐,회원
왓챠,소리,노트,계약
만족,핸드폰,게임,구매
대박,모드,무한,이용자
빠른,다운,재미있게,이메일
디즈니,갤럭시,재밌게,비번
만족합니다,속도,재미있어요,만원
아쉬운,터치,만화,저가
단점,밝기,성인,이용권
구글,버튼,꿀잼,비싼
좋긴,업뎃,더빙,값
감사,로딩,동영상,무제한
많네요,다운로드,새로운,탈퇴
유튜브,크기,장르,스탠다드
짱짱,창,집,금액
센터,정지,볼거리,체크
좋지만,모자이크,극장판,아이디
많아,휴대폰,공개,비싸지만
플레이,안됩니다,언어,신용카드
넥플릭스,태블릿,귀멸,안아까
로고,불편합니다,주술,
즐겨,안드로이드,원피스,
좋겠음,불편해요,최신영,
많음,광고,재밌고,
생겼으면,버그,열차,
개꿀,버전,감기,
정상,와이파이,친구,
평가,폰트,아카데미,
괜찮은데,멀티,히어로,
좋와,카테고리,인기,
빠르게,프로필,코로나,
문의,컴퓨터,진격,
쵝오,발생,오징어,
평점,분할,블랙,
적용,불편하네요,잼,
도움,고화질,일본,
출시,렉,짱구,
와우,이중,해외,
굿굿굿,조정,외국,
아쉽습니다,데이터,마음,
유용하게,스마트폰,다양하게,
사라져서,연결,미국,
앞뒤,편리하고,태양,
기분,탭,예정,
강추,인터넷,다양해서,
늦게,갤럭시탭,나루토,
즐겁게,윈도우,가족,
괜찮아요,인터페이스,거인,
좋았습니다,고쳐주시면,클로버,
좋아하는데,음성,국내,
갓플릭스,편해요,다양하고,
젠,스트리밍,엄마,
불만,싱크,코난,
아쉬움,크롬캐스트,후예,
애용,불편한,내용,
기대,댓글,신작,
통합,팝업창,이야기,
플랫폼,멈추고,인생,
전혀,불편,포켓몬스터,
진행,건의,프리,
괜찮은,다중,호텔,
늘려주세요,글자,킹덤,
굿잡,클릭,우리나라,
힘들어요,환경,강림,
만족스럽습니다,재부팅,재미있고,
좋게,제한,파라,
안될,스킵,아파트,
쉽고,스크린,재밌음,
좋겠어용,연령,도깨비,
필요한,삼성,제작,
좋구요,패드,취향,
꿀,배터리,한영,
장점,아이패드,재밌다,
기본,편함,어린이,
편의,퀄리티,런닝맨,
플러스,수단,재미있다,
후회,반복,노트북,
여가,알림,중드,
좋아해서,옵션,루나,
네플릭스,로그아웃,탈출,
화이팅,껐다,봉,
아쉽,디바이스,에피소드,
감사해요,사이트,올려주시면,
조음,테블릿,펜트하우스,
진정,넘어갈,중국,
최고다,아이폰,신비,
부족한,오디오,델,
이상하게,저화질,밥,
잘못,비율,국가,
관심,지웠다가,재밌는거,
카톡,지웠다,학교,
중인,날짜,아빠,
네이버,강제,이루마,
오른쪽,캡쳐,만화가,
실망,지하철,전생,
좋을듯,지우고,마블,
느려요,업그레이드,소문,
엡,덱스,명작,
감동,작게,재미있음,
유익하고,불편함이,화보,
기다려야,서버,생활,
최대,먹통,방송,
없어져서,스마트,겨울왕국,
부족해요,볼륨,재미있습니다,
사라질,버퍼링,업,
관리,불편함,재밌는데,
안된다는,구분,포켓몬,
기만,개발자,닥터,
필요없음,됐어요,모험,
만점,크롬,배우,
꾸준히,랙,시청자,
비슷한,패치,왕좌,
짜증나네요,사양,종이,
괜찮네요,배경,밤,
없어졌네요,바꾸면,재미나,
빠르고,글씨,추억,
안나옵니다,편리한,응답,
적어요,편리하게,세상,
완벽할,오류로,경이,
없어졌나요,채팅,칼,
좋네,해킹,명탐정,
괜찮음,없애고,구미호,
나이스,글꼴,기묘한,
웨이브,정렬,도라에몽,
티빙,세분,영화관,
사라지는,제도,재밌어,
공지,간편하고,화랑,
야하는,오프라인,행복,
부족,튕겨,조작,
젤,나이,사진,
경험,필터,개봉,
바꿔주세요,구간,타임,
짜증나요,듀얼,법,
피드백,멈추는,시대,
적은,전원,보고싶어서,
결과,꺼짐,한국영,
적극,넘기는,재미있는게,
가치,전화,일본애니,
인지,걸려요,다양,
버려서,홈페이지,보이스,
완벽,하자,한국인,
유용한,제외,타이타닉,
똥,하단,재미있어서,
칭찬,깔았는데도,재밌네요,
잘쓰고있습니다,바꾸고,전설,
원합니다,블랙베리,신세계,
무지,넘기기,세계,
아쉽다,청각장애,키즈,
만족해요,나오더라고요,이상한,
필요없다,대문자,신규,
멋진,좌우,스위트홈,
조아여,편리해요,엔딩,
즐길,개조,쇼,
최소,편하다,워킹데드,
답답해요,필요한가,바다,
중요한,하나로,간,
다르게,불편하고,페어리테일,
스토어,,일곱개,
충분히,,대죄,
후기,,킹,
많지,,스타,
만족하며,,라임,
없어지는,,콜,
활용,,리즈,
전반,,토피아,
최대한,,영드,
순위,,재밋,
아닌거,,그레이,
나쁘지,,재난,
적다,,문호,
유투브,,쌈,
없어지고,,죠죠,
다른거,,꿈빛,
공식,,어벤져스,
유익한,,트롤,
많지만,,낭만,
많아져서,,하이킥,
가능합니다,,다양했으면,
유용합니다,,중독,
들어주세요,,소년,
구글플레이,,위대한,
유용해요,,블리치,
번창,,혈,
됐네요,,잼나요,
이상한거,,애니매이션,
넥플,,완결,
투자,,저작권,
괜찮습니다,,판권,
살려주세요,,중국어,
찐,,일본어,
불평,,미디어,
즐길수,,테츠,
고마워요,,라이트,
알바,,도둑,
기다리고,,먹고,
좋은대,,낙,
많네,,곡,
희망,,판이,
좋어요,,맛,
문제점,,올려주세용,
,,여신,
,,재밌는게,
,,토미,
,,도쿄구울,
,,잠,
,,존잼,
,,서유기,
,,보고싶네요,
,,캐릭,
,,대만,
,,공룡,
,,직업,
,,마이웨이,
,,하트,
,,보루,
,,검볼,
,,산다,
,,중국드라마,
,,사부,
,,일기,
,,하우스,
,,역도,
,,요정,
,,복주,
,,제이크,
,,선생님,
,,보고싶다,
,,생일,
,,잼나게,
,,루머,
,,여우,
,,데어데블,
,,장공,
,,맨,
,,원본,
,,어른,
,,편이,
,,모던패밀리,
,,지정,
,,칸,
,,제작자,
,,흥미,
,,풍부한,
,,그림자,
,,블러,
,,국산,
,,좀비,
,,편도,
,,존재,
,,몰입도,
,,다큐,
,,메이,
,,꽃,
,,잔인한,
,,개는,
,,대하,
,,컨탠츠,
,,볼수있는게,
,,조커,
,,명탐정코난,
,,스트레이독스,
,,푸른,
,,슈가슈가룬,
,,핀,
,,헌터,
,,혜자,
,,신,
,,셜록,
,,유혹,
,,리틀,
,,한드,
,,페이트,
,,빅토리어스,
,,닥터스,
,,시엘,
,,최애,
,,보스,
,,재밌있어요,
,,재밌습니다,
,,재밋어,
,,왕,
,,고질라,
,,옥자,
,,몰입,
,,음악,
,,팬,
,,소원,
,,모델,
,,,
,,,
,,,
,,,
,,,
,,,
,,,
,,,
,,,
,,,
,,,
,,,
,,,
,,,
,,,
,,,
,,,
,,,
,,,
,,,
,,,
,,,
,,,
,,,
,,,
,,,
,,,
,,,
,,,
,,,
,,,
,,,
,,,
,,,
,,,
,,,
,,,
,,,
,,,
,,,
,,,
,,,
,,,
,,,
,,,
,,,
,,,
,,,
,,,
,,,
,,,
,,,
,,,
,,,
,,,
,,,
,,,
,,,
,,,
,,,
,,,
,,,
,,,
,,,
,,,
,,,
,,,
,,,
,,,
,,,
,,,
,,,
,,,
,,,
,,,
,,,
,,,
,,,
,,,
,,,
,,,
,,,
,,,
,,,
,,,
,,,
,,,
,,,
,,,
,,,
,,,
,,,
,,,
,,,
,,,
,,,
,,,
,,,
,,,
,,,
,,,
,,,
,,,
,,,
,,,
,,,
,,,
,,,
,,,
,,,
,,,
,,,
,,,
,,,
,,,
,,,
,,,
,,,
,,,
,,,
,,,
,,,
,,,
,,,
,,,
,,,
,,,
,,,
,,,
,,,
,,,
,,,
,,,
,,,
,,,
,,,
,,,
,,,
,,,
,,,
,,,
,,,
,,,
,,,
,,,
,,,
,,,
,,,
,,,
,,,
,,,
,,,
,,,
,,,
,,,
,,,
,,,
,,,
,,,
,,,
,,,
,,,
,,,
,,,
,,,
,,,
,,,
,,,
,,,
,,,
,,,
,,,
,,,
,,,
,,,
,,,
,,,
