,token
영화,7219
앱,6159
결제,6083
자막,6020
화면,5731
왜,5687
좀,5536
재생,4817
영상,4674
좋아요,4321
넷플릭스,3981
것,3970
계속,3915
해주세요,3844
다시,3680
왓챠,3629
돈,3474
사용,3394
수,3219
오류,3180
볼,3169
잘,3135
기능,3090
드라마,3063
거,2994
무료,2942
업데이트,2918
했는데,2832
때,2799
할,2797
더,2781
진짜,2736
어플,2696
보고,2587
컨텐츠,2582
안,2546
로그인,2449
입니다,2379
해서,2267
환불,2238
이용,2176
쿠팡,2144
달,2113
갑자기,2077
문제,2074
요,2043
화질,2023
하면,2005
좋은데,1966
정말,1942
하는,1940
플레이,1937
제,1857
이,1816
제발,1810
접속,1784
다른,1730
해도,1720
삭제,1710
개선,1698
합니다,1688
굿,1681
해지,1672
뭐,1662
설정,1650
해결,1644
추가,1637
실행,1631
시청,1615
자꾸,1601
가입,1571
작품,1563
보기,1546
폰,1498
같아요,1475
티비,1460
해,1452
점,1451
넷플,1444
아니,1440
후,1434
좋겠어요,1421
배속,1418
어떻게,1417
있는,1384
안되네요,1361
설치,1359
소리,1342
생각,1336
로딩,1323
그냥,1309
전,1289
좋은,1287
서비스,1281
안되고,1264
개,1253
인증,1235
하는데,1211
지금,1208
없고,1202
자동,1202
취소,1179
부탁드립니다,1166
저,1158
사람,1151
없네요,1133
하나,1117
있습니다,1111
있어서,1104
없는,1102
보는데,1095
다운,1091
디즈니,1086
건지,1084
같은,1081
구독,1078
말,1069
있는데,1056
한국,1044
조절,1043
최고,1032
지원,1030
가요,1016
연결,1009
리뷰,1004
내,1000
처음,999
시즌,996
번,995
안됨,991
그,988
하고,977
정도,970
없어서,966
콘텐츠,932
자체,931
좋겠습니다,929
못,927
다음,927
없어요,922
때문,919
많아서,917
바로,911
검색,905
되고,899
다운로드,898
중,897
시간,891
안됩니다,887
뜨고,885
핸드폰,877
또,875
없음,870
별로,870
회원,866
이용권,866
오늘,858
한,857
확인,850
재,849
버튼,847
게,842
영어,835
한번,832
와우,829
애니,828
나오고,827
부분,826
선택,825
해야,817
되는데,815
보는,815
언제,813
아예,812
된,805
좋네요,796
있어요,792
고객,789
버퍼링,786
보려고,786
수정,782
많은,771
나,771
시,769
가격,766
로,765
성인,765
도,765
좋습니다,763
있으면,762
함,761
돼요,757
이런,752
보면,750
경우,747
되는,740
계정,725
안되요,724
모바일,719
등,717
시리즈,706
추천,702
기기,700
많고,696
내고,695
걸,690
기,688
건가,683
무한,679
갤럭시,672
방법,656
시작,648
하지,647
앞,645
안드로이드,641
건,641
센터,639
밝기,637
같습니다,636
아니고,636
제대로,631
좋음,630
빠른,628
같은데,627
있게,627
아주,626
가,623
임,621
별,621
넘,620
무슨,613
있고,611
와이파이,610
동영상,607
크기,606
요즘,602
하기,602
중간,599
일,599
현상,597
되면,595
되지,593
미드,593
감사합니다,590
사용자,588
불편해요,584
이후,583
최신,583
볼때,581
문의,580
있었으면,578
고쳐주세요,576
꼭,575
않고,574
조금,572
뒤,571
됩니다,570
이유,568
렉,564
버전,564
저장,563
보다가,563
노트,562
이번,559
크롬캐스트,552
자주,546
쓰고,541
한국어,538
부탁드려요,533
되네요,533
속도,531
더빙,528
한글,527
창,522
많아요,519
이건,518
번역,514
주세요,510
에러,510
데이터,509
불편합니다,501
다양한,500
하게,498
깔아도,497
체험,495
됨,495
유료,494
아이패드,492
안되는,488
하려고,488
굳,487
혹시,487
좋겠네요,486
바랍니다,482
분,482
프로그램,481
프로필,478
안되나요,476
카드,475
보니,475
이제,471
최악,465
하네요,465
업뎃,464
모드,464
아이폰,460
않네요,459
뜨네요,459
없나요,457
서버,454
발생,452
없습니다,451
카테고리,451
누르면,451
답변,449
전체,449
검은,448
애니메이션,447
스마트,447
볼수,444
알,443
버그,441
이상,441
만,440
결재,440
어제,440
다만,437
수가,434
터치,432
없는데,431
목록,430
데,426
되어,424
상태,423
할수,422
나와요,421
요청,418
하면서,416
태블릿,416
반복,412
매우,411
하세요,410
개월,409
원래,408
이어,408
하루,407
구글,407
같네요,407
하나요,406
예능,404
거의,402
넣어주세요,401
되나요,400
좋고,399
최근,398
있네요,397
보고싶은,396
봤는데,395
하라,394
완전,394
옛날,391
주고,388
축구,385
해외,385
않습니다,384
휴대폰,384
듯,383
일단,383
예전,382
종료,381
미러링,381
유저,379
가끔,378
않아요,377
아이디,377
관리,377
편,377
날,376
메일,374
플립,372
되서,368
좋,368
는,367
올려주세요,367
몇번,366
안되는데,366
구매,365
정지,365
본,365
있었는데,365
여기,365
아쉽네요,363
주,361
안되서,360
나오네요,360
와,359
나오는,357
바,357
키,356
아니라,355
참,354
정기,354
멈추고,350
조치,348
기본,348
인터넷,346
며칠,346
보지,345
했더니,345
유튜브,345
돼서,343
없다고,343
스트리밍,340
기간,337
만들어주세요,336
경기,336
많네요,335
했습니다,335
뭔가,334
불편하네요,334
부탁,333
로고,333
모든,333
있어,330
용,330
변경,330
떠서,329
시도,328
보,327
곳,327
좋을,326
해리포터,326
사랑,325
있음,325
써,324
신청,324
월,322
뜨는데,321
하니,321
전혀,319
도대체,319
될,319
없다,317
팝업,317
화,317
나오는데,317
장르,314
떠요,314
이메일,312
동시,312
큰,310
해요,308
해주시,307
끊김,307
좋아하는,305
없는게,304
대체,304
쓰레기,303
플레이어,303
처리,303
보다,301
지웠다,301
탈퇴,300
마블,300
먹통,299
제일,298
그것,297
페이지,297
어디,296
줄,292
볼수가,292
봐도,292
플러스,291
아니면,290
껐다,288
항상,287
많은데,287
글,287
뭘,285
를,285
제공,284
찜,284
쓰는데,282
문자,280
볼려고,280
시스템,279
넷,279
어쩌,279
비,278
개인,278
비해,278
안보,276
그대로,275
평가,275
보게,274
뜨면서,273
등등,272
얼마,272
그거,272
탭,271
외국,270
이해,270
했다가,269
아닌가요,269
종류,268
아쉬워요,268
등록,268
좋다,268
몇,266
장난,265
들어,265
없어,264
건너,264
많음,263
번호,263
나서,262
모르겠네요,262
느낌,261
나와서,261
컴퓨터,260
취향,258
지우고,258
네트워크,257
정보,257
받고,256
싶은데,256
프리미엄,256
요금,255
동안,254
나옴,254
싱크,253
보라,253
있나요,251
해주셨으면,251
현재,251
감상,250
짱,248
들,248
비밀번호,248
오프닝,247
맘,247
불가,247
봐,246
위,246
겁,245
홈,245
재부팅,243
중계,243
마음,243
업로드,242
받아,241
수준,241
입력,241
멤버십,241
끊기고,240
연결해서,240
가지,240
뜹니다,240
플랫폼,239
은,239
장면,238
모자이크,237
보고싶어요,234
안될까,234
리지,234
되,233
원하는,233
로그아웃,232
공부,232
매번,232
나중,231
안된다고,230
꽤,230
표시,230
새로,229
해주시면,229
로켓,228
비교,227
보고있어요,227
하는게,227
안녕하세요,227
화가,227
정액,227
프로,227
솔직히,227
이전,226
부터,226
되었으면,226
음성,226
나옵니다,225
모두,225
및,224
실망,224
드립니다,224
재밌게,224
알림,223
들어가면,223
게임,222
세,222
좋을것,221
가능하게,221
보던,221
심지어,220
가장,219
싶은,218
애플,218
참고,218
아닌,218
조정,218
분명,218
디바이스,217
전부,217
아쉬운,217
는데,217
비번,216
불편,216
집,215
쓰는,215
하는거,214
작동,214
광고,213
점점,212
않음,212
아님,212
외,211
재미,211
않는,211
라면,210
분류,210
보고싶은데,209
언어,209
했는데도,209
되다가,209
일본,209
그럼,208
하다가,208
됐는데,208
초기,207
좋아,207
전화,207
잠금,205
개발자,205
작은,205
감사하겠습니다,205
정상,205
봅니다,205
기록,204
만들어,204
적,202
기도,202
있는지,201
마세요,201
신경,201
진행,201
평점,201
한편,200
식,199
찾기,199
웨이브,199
어떤,199
불편함,198
만료,198
정,198
예정,197
내용,197
여,196
햇,196
삼성,196
만족,195
그런,195
출시,194
클릭,193
있다고,193
들어가서,193
강제,193
눈,192
에피소드,192
지원이,191
미국,190
공짜,189
있지만,189
했어요,189
피드백,189
새로운,189
된거,188
끝,188
기존,188
기분,187
상황,187
안되는건,185
한지,185
위해,185
젠,185
마지막,185
끊겨요,185
너,184
깔고,184
예,184
회전,184
심해,182
좀더,182
보고있는데,182
해봤는데,182
역시,181
스,181
대한,181
회차,181
연동,181
안되면,181
깔아,181
아이,181
돼,181
장점,180
짜증,180
코드,179
단점,179
보는게,178
볼거,178
그게,178
볼거리,178
했으면,178
이용자,178
그러네요,178
쓸,177
답,177
인터페이스,177
좋을거,176
친구,176
폰트,175
국내,175
회,174
가기,174
하려,174
알려주세요,173
좋아용,173
키즈,173
사이트,172
움,172
걸리고,172
공지,172
위치,172
편의,172
눌러도,172
까요,171
일주일,171
가로,170
멤버,170
아쉽습니다,170
하다,170
노트북,170
해제,169
좋지만,169
다른건,168
쳐,167
관련,167
해보고,167
많아,167
했다,167
들어가져요,166
지,166
설명,165
굿굿,165
로그,165
재밌어요,165
다가,165
무조건,165
필요,165
아닌데,165
들어가,165
봐요,164
스마트폰,164
댓글,164
몇개,164
매달,164
불편한,163
깔았는데,162
순간,162
보는건데,161
나오면,161
해야하나요,161
보고있습니다,160
고화질,160
있다면,160
받아서,160
판,159
봄,158
않은,158
편하고,157
않아서,157
껏,156
알았는데,156
아이콘,156
구,156
갤럭시탭,156
인기,156
티빙,155
진심,155
이름,155
누가,155
얼른,154
끊겨서,154
명작,154
뜸,153
난,153
왓차,153
당황,153
있다,153
해봐도,153
고민,153
멈춤,153
볼수있어서,153
하는건,153
만족합니다,152
짜증나네요,151
빠르게,151
작,151
굉장히,151
않아,151
봐야,150
재밌는,150
한다,150
이동,150
애,150
없네,150
첫,149
비율,149
보면서,149
넘게,149
해놓고,149
연령,149
무엇,149
하는지,149
사항,148
거나,148
괜찮은데,148
않,148
수도,147
대박,147
편하게,147
크게,147
국가,147
덕분,147
같음,147
차라리,146
거리,146
어이,146
음,145
최신영,145
연락,145
마찬가지,144
되어서,144
하니까,143
가성,143
한가지,143
있다가,143
메뉴,143
굳이,143
절대,143
오프라인,143
만화,142
잘만,142
나왔으면,142
그래요,142
다양하고,142
볼륨,141
환경,141
감기,141
켜도,141
타,141
안되죠,140
개발,140
되는건,140
많습니다,140
잘못,139
뜨는,139
틀,139
일시,139
신작,139
뿐,139
싶어요,138
없다는,138
메인,138
금액,138
갤,138
확대,138
혼자,138
가능한,137
모르겠어요,137
땐,136
널,136
여러,136
볼것도,136
있을,136
배송,136
재미있게,135
엉망,135
이안,135
보입니다,135
주시,135
보이,135
제목,135
남,134
상담,134
없으면,134
싶어서,134
로만,134
짜증나서,133
됐으면,133
있는게,133
회사,133
튕기,133
튕겨,132
지웠다가,132
한참,132
남깁니다,132
보상,132
좋았어요,132
했을,132
가능,131
봐서,131
생기,130
레이디,130
하여,130
오류로,130
같아서,130
밑,130
쉽,130
방금,130
나라,130
불편하고,130
되는거,130
저번,130
속,129
대부분,129
되었습니다,129
쿠플,129
잠깐,129
순,128
하려는데,128
볼수있게,128
메세지,128
배,128
그렇고,128
디자인,128
조아요,127
습,127
로드,127
했던,126
원피스,126
완료,126
겁나,126
나네요,126
더욱,126
쪽,126
니,126
공유,125
해줘요,125
뛰기,125
일드,125
없는건,125
봤던,125
리스트,125
세로,125
안나,124
있도록,124
이러면,124
개판,124
구글플레이,124
년,124
거기,124
할려고,123
안내,123
기대,123
제한,122
적용,122
토트넘,122
면,122
된다고,122
스킵,122
하이큐,121
미리,121
왕좌,121
켜,121
전환,121
애용,121
안해,121
호환,121
재미있는,120
손흥민,120
지속,120
볼라,120
이틀,120
통해,120
의견,120
되는게,119
맞는,119
되요,119
이면,119
싶네요,119
답장,119
이럴거면,119
개도,119
자마자,118
발전,118
역,118
걸려서,118
집중,118
사실,118
그런지,117
정리,117
없는거,117
된다면,117
재미있어요,117
부족,116
나온,116
따라,116
중지,116
했지만,116
고,116
제거,116
해주면,115
나오나요,115
아까,115
나오게,115
없을,115
유명한,115
명,115
짜증나요,114
해당,114
질,114
생겼으면,114
검정,113
모르겠지만,113
고정,113
배경,113
일이,113
아무,113
안되네,113
달이,113
나오지,112
당장,112
패드,112
있던,112
처럼,112
주행,112
있다는,112
저렴한,112
다해,111
않았는데,111
하네,111
쉽게,111
했고,111
중이,111
방영,111
문구,111
운영,111
공개,111
방송,111
아래,111
갱신,111
종,110
이런거,110
머,110
기준,110
실수,110
구려,110
벌써,109
금제,109
안된다,109
하겠습니다,109
설강화,109
돼고,109
작게,109
하려면,109
되었는데,109
미,108
끊기네요,108
박스,108
칼날,108
찾는,108
좋겠다,108
증상,108
퀄리티,107
감,107
다양하게,107
음량,107
일본어,107
안되는게,107
어찌,107
봤어요,107
감사,107
좋아서,107
꺼지고,107
짐,106
않나,106
좋겠음,106
들어갈,106
할수있게,106
불만,106
좋아여,106
스트레스,106
한다고,105
입장,105
막,104
자료,104
도안,104
유지,104
자기,104
고쳐,104
될까,104
글자,103
물,103
글씨,103
오역,103
검은색,102
좋았는데,102
쓰다가,102
반영,102
마이,102
있는데요,102
모르고,102
싶습니다,102
괜찮은,102
의미,102
얼마나,102
우리,102
복구,102
중국,102
끄고,102
똑같은,102
일부,102
팝업창,102
있는건,101
웹,101
연장,101
초,101
열,101
우선,100
있는거,100
쫌,100
배우,100
하던,100
옵션,100
혜택,100
무,100
보고있었는데,100
아쉬움,99
들이,99
저기,99
긴한데,99
실패,99
대비,99
않는데,99
만든,99
편이,99
두,99
중요한,99
도중,98
독점,98
테블릿,98
심하네요,98
같고,98
한국영,98
대해,98
멀티,98
그때,97
극장판,97
힘들어요,97
싶은게,97
욕,97
먼저,97
바람,97
하는것도,97
새,97
안되,96
지나면,96
짓,96
눌러서,96
답답하네요,96
빼면,96
가족,96
받은,96
대사,96
할까,96
업그레이드,96
이상한,96
도저히,95
매일,95
봤습니다,95
같아,95
다양해서,95
상단,95
면서,95
보임,95
뭡,95
멈춰서,94
좋긴,94
안되는거,94
깜빡,94
기업,94
아깝네요,94
모르겠는데,93
둘,93
나머지,93
계획,93
넥플릭스,93
스럽네요,93
했다고,93
보고싶었던,93
심함,93
많다,93
놈,93
라운드,93
네,93
똑같네요,92
있을까요,92
심해서,92
여러가지,92
고요,92
인,92
오,92
불구,92
잘쓰고,92
많았으면,92
멈춰요,92
튕,92
새벽,92
넣어,92
사,91
해보니,91
같은거,91
려고,91
보려면,91
납니다,91
달라,91
방향,91
크롬,91
화로,91
소비자,91
기종은,91
오디오,91
디,91
채널,91
울트라,90
사라지고,90
점도,90
약간,90
캐시,90
생중계,90
보이네요,90
아깝다,90
화이팅,90
나고,90
제트,90
의,90
되었네요,89
입,89
보세요,89
니당,89
플렉스,89
보려는데,89
는걸,89
열려요,89
할수가,89
보려,89
눌렀는데,88
하시는,88
없지만,88
하죠,88
듭니,88
되는지,88
좋아하는데,88
된다,88
본인,88
보이지,88
손,88
풀,88
찾아서,87
얘기,87
해라,87
왔는데,87
나갔다,87
영,87
멋대로,87
잠시,87
나름,87
런닝맨,87
방식,87
꺼져요,86
나오다가,86
생겨서,86
없,86
제작,86
저화질,86
상당히,86
좋게,86
도움,86
그동안,86
늦게,86
넣어주시면,85
만하,85
은근,85
앞뒤,85
해줬으면,85
채,85
해야지,85
없었는데,85
넘어가질,85
받았는데,85
감동,85
네이버,85
부족한,85
보네요,85
활성화,85
나올,85
겁니다,85
불편해서,85
즐겨,84
하자,84
처,84
응원,84
빔,84
주로,84
깔았는데도,84
않나요,84
합,84
종일,84
돌려주세요,84
하기가,84
직접,84
빨,83
캐스트,83
까만,83
해상도,83
가능하면,83
란,83
구림,83
옆,83
하래,83
편해요,83
하냐,82
이야기,82
평,82
쓰기,82
늘,82
가서,82
선,82
쿠폰,82
빼고는,82
둘다,81
화보,81
이따,81
당연히,81
오고,81
또한,81
워킹데드,81
멈춰,81
좋겠고,81
비슷한,81
먹고,81
스토어,81
내야,80
준비,80
드,80
하러,80
용량,80
오지,80
중드,80
살,80
몇몇,80
했었는데,80
사라져서,80
올려,79
몰라도,79
문제점,79
최적화,79
뛰,79
비싼,79
만큼,79
안될,79
꾸준히,79
많지만,79
껐다가,79
됌,79
볼수있는,79
보완,78
료,78
중단,78
파일,78
핀,78
인생,78
되었다고,78
됐다고,78
끊김이,78
구분,78
심하고,78
끝나고,78
경쟁,78
오른쪽,78
했네요,78
걸려요,78
여전히,78
전원,77
분명히,77
여러분,77
이중,77
초반,77
갤탭,77
쭉,77
해킹,77
꿀잼,77
거지,77
이었는데,77
땜,77
최대,77
없죠,77
사라짐,77
갑니다,77
세상,77
라이브,77
비용,77
작아서,77
였는데,76
집니다,76
돌려,76
해주는,76
전반,76
버리고,76
혜자,76
좋았습니다,76
평소,76
됐네요,76
차별,76
걸림,76
끝나면,76
종종,76
블랙,75
올려주시면,75
해주고,75
있나,75
없으니,75
하자는,75
오래된,75
빵빵,75
짜증남,75
작아요,74
싶은거,74
받을,74
겨우,74
싶어,74
서,74
원,74
정작,74
단,74
안되는거죠,74
알아서,74
되면서,73
안되니,73
느리고,73
밤,73
깔아서,73
사운드,73
후회,73
살짝,73
리,73
똑바로,73
법,73
건의,73
신고,73
양,73
모델,73
필요합니다,73
화면비율,73
같다,73
이벤트,72
드려요,72
기억,72
불편하게,72
안함,72
아니네요,72
눌러,72
포기,72
가능했으면,72
수단,72
있으니,72
동의,72
그런게,72
버퍼,72
쇼,72
보시,71
모르겠고,71
안된,71
그러고,71
인지,71
되길,71
유,71
싶을,71
관심,71
괜찮아요,71
꽉찬,71
확실히,71
똑같아요,71
해주셔서,71
킹덤,71
이나,71
맞아요,71
씁니다,71
후기,70
사기,70
맞게,70
이러네요,70
할지,70
체크,70
터,70
들어가지지도,70
고치,70
오히려,70
들어오면,70
하며,70
되질,70
날짜,70
빼고,70
됐어요,69
해주,69
보는거,69
할게요,69
기를,69
안나옵니다,69
안되게,69
한국인,69
끊기는,69
않으면,69
있지,69
우리나라,69
누르고,68
가능한가요,68
코로나,68
이상하게,68
계약,68
더니,68
보관,68
분할,68
예상,68
조작,68
김,68
들어요,68
치,68
들어가도,68
받는,68
세계,68
라이센스,67
답답해요,67
발,67
달동,67
중복,67
없을까요,67
무제한,67
응답,67
재밌고,67
유투브,67
몰입,66
애초,66
다른거,66
보이는,66
해주실,66
된건,66
항목,66
만원,66
않게,66
맨,66
난리,66
누구,66
되더니,66
다큐,66
불법,65
배터리,65
영드,65
폴드,65
곧,65
유리,65
돈대,65
되지도,65
야함,65
팬,65
아닙니까,65
카톡,65
아닌가,65
할듯,65
빼곤,65
전화번호,65
포함,65
짜증나,65
일전,65
패치,65
버젼,65
최소,65
들리고,65
피씨,64
크롤,64
아닌거,64
뚝뚝,64
둔,64
들어가지네요,64
지불,64
좋을듯,64
되어있는데,64
버벅,64
강추,64
기는,64
코난,64
나루토,64
사이즈,64
아니라고,64
찾을,64
오타,64
히어로,64
엄마,64
있던데,64
막상,64
아는,64
지도,64
진격,64
쓰고있는데,63
오면,63
있어야,63
바꿔주세요,63
꺼집니다,63
사라지는,63
넘어갈,63
다중,63
반,63
짜증나네,63
따,63
저작권,63
넘어왔는데,63
시일,63
갈,63
감사해요,63
보고싶어서,63
통신,63
기술,63
작성,63
홍보,63
시대,63
끊깁니다,63
구리,63
거임,63
반응,63
윈도우,63
어케,63
늘려주세요,63
취,63
잼,62
들어갔는데,62
불편함이,62
보는건,62
게다가,62
없는것도,62
할것,62
되니,62
좋아해서,62
버리네요,62
줬으면,62
실시간,62
딱히,62
차이,62
해주세여,62
안정,62
고쳐주시면,62
존재,62
없어지고,62
하기도,62
이러죠,62
홈페이지,62
아카데미,62
짜증납니다,61
꺼짐,61
전송,61
주말,61
보냈는데,61
좋지,61
걸리네요,61
대기,61
되었어요,61
즐겁게,61
통화,61
업,61
있었음,61
다르게,61
두고,61
추억,61
기다려,61
귀멸,61
많지,61
책,61
답답해서,61
박,60
해주시길,60
있는것,60
쓰지,60
충분히,60
대,60
아침,60
고려,60
이러는,60
경험,60
됬는데,60
찾아,60
실화,60
뭉탱이,60
슝,60
특정,60
힘드네요,60
기만,60
검정색,60
있,60
신규,60
해달라고,60
왓,60
저렴하고,59
회색,59
페이,59
할거,59
플레이도,59
자,59
짜증나게,59
차가,59
진,59
넘어가요,59
지난,59
메시지,59
불가능,59
아쉽,59
하고싶은데,59
볼수있어,59
되죠,59
중국어,59
뜨지,59
편리하고,59
즐길,59
값,59
넘어가지,59
결과,59
하단,59
캡쳐,59
다시는,59
왓챠플레,58
들어서,58
펜트하우스,58
할거면,58
바꾸고,58
됩니까,58
답답합니다,58
필요해,58
하던가,58
안됩니까,58
접,58
제외,58
주술,58
기다리고,58
버림,58
단계,58
하려니,58
허,58
왔다,58
쓰면,57
없는것,57
유독,57
나와,57
긴,57
느려요,57
중인,57
팀,57
모르는,57
나갔다가,57
맛,57
통합,57
부탁드릴게요,57
계좌,57
꺼져,57
내내,57
아까워요,57
나가고,57
스크린,57
보는것도,57
알람,57
켜야,56
정렬,56
아닙니다,56
가능한데,56
간,56
가짐,56
되니까,56
여요,56
그런거,56
엔딩,56
없어져서,56
개꿀,56
칸,56
스포츠,56
베이직,56
마,56
없더라구요,56
돼네요,56
일일이,56
채팅,56
연결하면,56
적도,56
만약,56
하지도,56
직관,55
고쳐주셨으면,55
엘지,55
런가,55
같은건,55
의문,55
해줘서,55
급,55
조차,55
아무런,55
컨트롤,55
이정,55
넘어가는,55
일부러,55
나쁘지,55
용이,55
전이,55
만해,55
필요한,55
썼는데,55
구성,54
모르겠습니다,54
무한도전,54
스포,54
하실,54
아니지만,54
주소,54
바탕,54
요새,54
해줘,54
몰라서,54
길,54
최대한,54
고해,54
야하는,54
했으나,54
방해,54
재시,54
했음,54
하든,54
궁금합니다,54
기다려야,54
모르겠음,54
모니터,54
유용하게,54
잘사,54
튕김,54
깔끔하고,54
버려서,54
최소한,54
스타워즈,54
맞지,54
그러는데,54
아니에요,53
할수있는,53
싼,53
제작자,53
어서,53
짱짱,53
저절로,53
심하게,53
링크,53
평생,53
닥터,53
있다니,53
해놓은,53
시청자,53
많은거,53
넘기기,53
위주,52
튕기네,52
나이,52
금,52
주심,52
발견,52
직원,52
번은,52
안되는지,52
무시,52
뜨게,52
바뀐,52
흠,52
보이는데,52
닥터후,52
어,52
심합니다,52
비디오,52
볼려,52
되어있고,52
안되어,52
켜면,52
된다는,52
여태,51
투자,51
마음대로,51
꽉,51
짜,51
노력,51
칼,51
이런게,51
적은,51
같은게,51
정신,51
루팅,51
절차,51
구입,51
만들어서,51
켜서,51
일반,51
되어야,51
최,51
수고,51
하고나서,51
하는건데,51
미리보기,51
좋다고,50
보통,50
뷰,50
코멘트,50
관람,50
놓고,50
화나네요,50
기전,50
밖,50
뜨나요,50
짱구,50
적어요,50
갓,50
청불,50
불,50
결정,50
이러는지,50
거려,50
받아도,50
하고있습니다,50
파티,50
까맣게,50
온,50
다른사람,50
갈수록,49
셜록,49
합시다,49
넘어가고,49
구로,49
바꿔,49
인식,49
어보,49
별하나,49
확,49
하시고,49
뜨면,49
쳐도,49
들어가지지,49
멈춥니다,49
왓플,49
써주세요,49
남겨,49
새로고침,49
답답해,49
보드,49
아쉽지만,49
테스트,49
안되는데요,49
까,49
켜져요,49
들어가지지가,49
싸고,49
음악,49
구간,48
세번,48
실제,48
쓴,48
야하는거,48
써서,48
한적,48
커서,48
드네,48
나오는게,48
되나,48
있어도,48
드는,48
이러나요,48
시키면,48
만들어주시면,48
옴,48
공간,48
이럼,48
인상,48
멸,48
덱스,48
그럴까,48
꺼,48
주셨으면,48
느림,48
상,48
해보세요,48
들어가지는데,48
크레딧,47
요구,47
식이,47
깔,47
나면,47
미디어,47
바뀌고,47
한건데,47
청구,47
맞고,47
시켜,47
사라졌어요,47
위로,47
걸립니다,47
했,47
짜리,47
스파이더맨,47
가독성,47
목소리,47
아닌것,47
내면,47
여긴,47
그럴,47
이상해요,47
가능하다고,47
대응,47
꺼지네요,47
열차,47
레노버,47
저녁,46
되던데,46
올라오는,46
보안,46
하지말고,46
아마존,46
편집,46
두번째,46
개봉,46
뜻,46
플스,46
사진,46
피,46
세대,46
힘듭니다,46
의역,46
안된다는,46
올라와서,46
장사,46
됐다,46
떠,46
소프트웨어,46
삶,46
심슨,46
위아래,46
사라지지,46
해놨는데,46
괜찮네요,46
코,46
없게,46
먼,46
필수,45
것좀,45
외국어,45
인간,45
첨,45
깔았다,45
거인,45
오브,45
싶었던,45
교육,45
하시길,45
보겠습니다,45
꼴,45
놔,45
와서,45
모양,45
멈추는,45
바꿀,45
방안,45
내일,45
흐름,45
믿고,45
했으니,45
던지,45
아깝지,45
가는,45
하긴,45
션,45
마다,45
똥,45
왼쪽,45
타임,45
보겠어요,45
체,45
불편해,44
불러오지,44
만족스럽습니다,44
골라,44
좋구요,44
뜨,44
재밌는거,44
들은,44
꼬박꼬박,44
로서,44
알수,44
깨지고,44
사이,44
걸리는,44
볼건,44
전용,44
해줘야,44
꺼지는,44
빡침,44
갔다,44
더럽게,44
관리자,44
시켜주세요,44
됬으면,44
볼땐,44
플레이스토어,44
뜨더니,43
가능할까,43
몰라,43
하고있는데,43
똑같습니다,43
노,43
놔서,43
인해,43
이럴,43
있었습니다,43
않을,43
똑같고,43
생,43
이러는거죠,43
등급,43
모,43
들어와서,43
메모리,43
멈춘,43
바램,43
나도,43
싶어도,43
지경,43
강,43
해야하는,43
원인,43
탓,43
차,43
얘,43
빠르고,43
끊고,43
싫어요,43
고전,42
나오는거,42
싹,42
고치세요,42
보여요,42
보나,42
품질,42
표기,42
해봤지만,42
않았습니다,42
검열,42
봤지만,42
부담,42
걸까,42
해야되,42
않은데,42
쓰,42
필터,42
굿굿굿,42
골,42
와챠,42
좌우,42
버렸네요,42
만들고,42
본거,42
남겨요,42
좋으나,42
썸네일,42
참다,42
해보면,42
편리하게,42
시정,42
모던패밀리,42
반말,42
리좀,42
높은,41
만족해요,41
스타일,41
없어도,41
존댓말,41
없애주세요,41
되는거죠,41
과,41
인물,41
초창,41
과정,41
차차,41
명대사,41
맞는데,41
작년,41
되어있네요,41
몰아,41
쓰게,41
넘나,41
맞나요,41
됐습니다,41
학생,41
킬링,41
불러,41
점검,41
없어졌네요,41
싶은건,41
보겠네요,41
주기도,41
하더니,41
이브,40
시기,40
능력,40
젤,40
감독,40
사라졌네요,40
나오네,40
주는,40
우회,40
되도록,40
시급합니다,40
부,40
않을까,40
빠른시,40
개인정보,40
사라져요,40
어두워서,40
빡쳐서,40
할게,40
버렸어요,40
하시면,40
카카오,40
파악,40
하고있어요,40
모르게,40
멈추네요,40
이미지,40
고맙습니다,40
되어있어서,40
끊,40
일정,40
컴,40
세분,40
페이스북,40
본다,40
베리,40
서는,40
핸폰,40
지브리,40
구동,39
하는것,39
보고싶을,39
되던,39
자신,39
찾아봐도,39
나가는,39
했는데요,39
라며,39
완전히,39
나왔는데,39
오픈,39
쓸만,39
들어가지고,39
없는지,39
도깨비,39
검토,39
프로젝터,39
도하,39
싶었는데,39
냈는데,39
안하나요,39
간혹,39
그렇네요,39
뜨는게,39
크,39
작고,39
없다는게,39
이러는데,39
샀는데,39
샤오미,39
했는지,39
겹,39
될것,39
볼까,39
앱스토어,39
연속,39
즐기고,39
힘든,39
스토리,39
아쉬운건,39
부모님,39
해주시고,38
아니지,38
겨,38
하는데요,38
드럽게,38
지났는데,38
통장,38
유도,38
튼,38
치명,38
쓰지도,38
호,38
사양,38
지나서,38
보러,38
일일,38
도입,38
도와주세요,38
달리,38
단어,38
대충,38
보고있는,38
쓰고있습니다,38
금방,38
되도,38
있긴,38
올,38
통신사,38
거만,38
비추,38
올라왔으면,38
각,38
들어와,38
완성,38
베타,38
이외,38
사라집니다,38
돼나요,38
랙,38
수동,37
문제해결,37
째,37
알려,37
넘길,37
않을까요,37
떨어짐,37
해주세용,37
하는거죠,37
아니라서,37
그랬는데,37
받네요,37
주일,37
가면,37
아까워,37
힘들고,37
어차피,37
있네,37
이용도,37
그래,37
지역,37
노답,37
셈,37
이점,37
저희,37
재밌네요,37
던,37
해야하는지,37
왜안,37
보유,37
답글,37
노출,37
올리고,37
싶지,37
없으니까,37
시점,37
주변,37
당일,37
몰입도,37
심심할,37
역사왜곡,37
같은데요,37
하던데,37
궁금하네요,37
심각하게,36
유플러스,36
작업,36
대처,36
떨어져요,36
빨간,36
애정,36
듣고,36
그러는,36
자리,36
체르노빌,36
스럽습니다,36
헐,36
만족하고,36
빡치게,36
떨어집니다,36
버벅거림,36
브라우저,36
워,36
영화관,36
왜케,36
이래요,36
뜨죠,36
준,36
안되냐,36
쵝오,36
받지,36
봐야하는데,36
와이프,36
죽겠네,36
틀렸다고,36
업체,36
오징어,36
번창,36
아마,36
기계,36
런칭,36
뜨는거,36
툭하면,36
끊었는데,36
음향,36
야해서,36
기대합니다,36
기다려도,36
보려고하면,35
동일한,35
봤더니,35
적고,35
있는것도,35
빅뱅이론,35
미드나,35
만드는,35
새끼,35
케이블,35
양심,35
에어플레이,35
선호,35
씀,35
둘째,35
좋소,35
줌,35
이구,35
단위,35
신용카드,35
지나도,35
중국드라마,35
넘어감,35
써도,35
포스터,35
아닌듯,35
생활,35
접근성,35
걱정,35
폭,35
있었던,35
빠져,35
어플리케이션,35
이러는건,35
형님,35
관계자,35
하였는데,35
쯤,35
가고,35
가안,35
흥,35
고쳐라,35
어린이,35
안좋은,35
안되구요,35
들어가지질,35
편리,35
아치,35
축소,35
그리,35
보고싶던,35
해줌,35
해야하죠,35
만족하며,34
점수,34
가보,34
조,34
됐었는데,34
왤케,34
켜고,34
소개,34
찾아도,34
영화로,34
이어폰,34
빡치네,34
치면,34
있죠,34
하길,34
적음,34
이러한,34
않는다,34
떨어지고,34
아,34
검게,34
오후,34
쓰면서,34
나오면서,34
해주셨음,34
주기,34
같,34
푹,34
마자,34
빈,34
한눈,34
했다는,34
제품,34
모습,34
태양,34
유명,34
주간,34
나오다,34
긋,34
답답,34
담당자,34
예고편,34
맞아서,34
상하,34
안되나,34
그다음,34
재밌다,34
응,34
빼,34
버벅거리,34
활용,34
떨어지는,34
다행,34
미성년,34
어둡게,34
있더라구요,34
을해,33
매,33
만족하면서,33
들어가지도,33
한계,33
삼,33
나오거나,33
번역가,33
켰다,33
서로,33
그닥,33
좋겟어요,33
이득,33
디플,33
구독료,33
지나,33
야할,33
달치,33
재난,33
왔습니다,33
질문,33
아시아,33
바꾸는,33
보던거,33
되다,33
적어서,33
제로,33
잔액,33
미니,33
봤었는데,33
않지만,33
주셔서,33
횟수,33
번역기,33
깔면,33
끼리,33
호텔,33
국민,33
추후,33
동생,33
능이,33
지웠는데,33
들고,33
튕깁니,33
하시나요,33
장기,33
덜,33
터져서,33
들을,33
나오는건,33
하란,33
나오질,33
류,33
바꿔도,33
되지만,33
아니죠,33
대신,33
사라지네요,33
마시고,33
틀어,33
하기를,33
이럴꺼면,33
하던지,33
이기,32
뜬,32
뜨는건,32
나오죠,32
먹으면서,32
해주던가,32
포맷,32
차지,32
들리는데,32
재밌음,32
부족함,32
읽어,32
나온다,32
가까이,32
가나,32
리스,32
캐스팅,32
레터,32
인트,32
앤,32
욤,32
떨어지네요,32
받는데,32
모로,32
노잼,32
다소,32
한영,32
없구요,32
올라온,32
댐,32
일까,32
기다렸는데,32
염,32
상품,32
매력,32
표현,32
레이,32
첫날,32
셋탑,32
저렴하게,32
쿠키,32
한마디,32
재밌는게,32
있으니까,32
안좋아요,32
통,32
대로,32
바꿨는데,32
프레임,32
가능하고,32
방,32
넘어가네요,32
없지,32
음질,32
같네,32
낫다,32
넘어가면,32
최대로,32
보아,32
스페인어,32
있길래,32
들어왔으면,32
누,32
다신,32
인치,32
차단,32
없고요,32
편하네요,32
많으면,32
없나,32
뭐임,32
이슈,32
있다는게,32
많다고,32
만들면,31
사업,31
않되,31
해야만,31
쓰던,31
만들어주셔서,31
봤네요,31
성의,31
쓰고있어요,31
보네,31
생긴,31
없더라고요,31
어려운,31
가능하다면,31
써요,31
부족하지만,31
메리트,31
보려니까,31
바꿔서,31
아쉽다,31
야해요,31
되기,31
더블,31
가치,31
보려니,31
하려니까,31
티,31
호구,31
지인,31
지네,31
님들,31
받음,31
테두리,31
볼수있고,31
뜨길래,31
조속,31
영문,31
만점,31
버리는,31
탐색,31
끊기면,31
되더라구요,31
완벽,31
되어있는,31
깨져서,31
관,31
프렌즈,31
볼것,31
고생,31
넘어,31
너무하네요,31
역사,31
볼려면,31
쳐서,31
좋겠는데,31
갈아탔는데,31
약,31
빠져나갔어요,30
왓챠앱,30
판이,30
만들,30
재밋,30
색,30
보여주세요,30
머리,30
욥,30
안되어서,30
켜짐,30
편도,30
해봅니다,30
아깝습니다,30
놓은,30
일내에,30
전편,30
맞음,30
이하,30
넣어주셨으면,30
차로,30
카,30
야할듯,30
성격,30
아빠,30
볼꺼,30
서야,30
재미있고,30
제어,30
필요할,30
저하,30
발열,30
심각한,30
없애,30
절반,30
다양성,30
로써,30
인할,30
어렵고,30
막아,30
될듯,30
켜지네요,30
나온지,30
도데,30
괜찮았는데,30
멈춰있어요,30
편함,30
본적,30
어떨까,30
힘,30
좋겠어용,30
들여와,30
충전,30
후반,30
해야하나,30
봉,30
기적,30
열림,30
쓸데없는,30
좋을텐데,30
없는거죠,30
죽겠어요,30
시키고,30
최고다,30
큽니다,30
들면,30
당신,30
커요,30
덕후,30
밥,30
결론,29
의지,29
학교,29
소문,29
빈번,29
받으면서,29
행복,29
많아져서,29
소용,29
하도,29
켜지고,29
애니매이션,29
아쉬운게,29
마냥,29
여기는,29
부족합니다,29
킹,29
버려요,29
해줄,29
낮은,29
종이,29
대한민국,29
뻔,29
되던게,29
분석,29
보이스,29
멋진,29
사용성,29
유튭,29
독자,29
기대하고,29
피해,29
거지같은,29
슬퍼요,29
됐다가,29
려,29
컨탠츠,29
안녕,29
코리아,29
없던데,29
정식,29
싶다,29
정책,29
있구요,29
하우스,29
많은것,29
해석,29
돌아가고,29
고함,29
변화,29
된게,29
모르겠네,29
확장,29
적당히,29
어렵습니다,29
고칠,29
괜찮고,29
보고싶어도,29
해주시나요,29
돼는,29
되었고,29
올라오고,29
물이,29
깜박,29
팅기고,29
살다,29
센,29
눌러야,29
설마,29
별도,29
나왔다,29
해야하는데,29
똑같음,29
라프텔,29
공식,29
어려워요,29
들도,29
켜지지도,29
해봤는데도,29
체크카드,29
좋아하고,29
분리,29
트와일라잇,29
써야,29
되냐,29
필요함,28
어려움,28
상치,28
해봐요,28
이긴,28
기타,28
강림,28
뜨는거죠,28
마인드,28
불편한게,28
됬다고,28
쉽고,28
동일,28
너무한거,28
매월,28
쓰는건데,28
동작,28
정이,28
됬네요,28
할려,28
아는데,28
훨,28
미친,28
없는듯,28
보고싶습니다,28
말곤,28
갑,28
뜨네,28
터짐,28
봐라,28
프리,28
로맨스,28
출력,28
잔뜩,28
하길래,28
포켓몬스터,28
엄청나게,28
컨,28
루,28
없어졌나요,28
청각장애,28
그래픽,28
들어가니까,28
완결,28
잇는데,28
업뎃후,28
총,28
사라진,28
인정,28
할인,28
메,28
특징,28
모르겠다,28
하겠어요,28
한정,28
대요,28
귀찮아서,28
넘기는,28
봤는데도,28
될지,28
오전,28
되야,28
캐릭터,28
미지,28
라이트,28
컴터,28
되네,28
넥플,28
편리한,28
이내,28
간다,28
맞춰,28
버립니다,28
생깁니다,28
안되더라구요,28
나는데,28
나은,27
보자,27
스탠다드,27
타이타닉,27
않아도,27
적어,27
보고싶었는데,27
사기꾼,27
루나,27
어떠한,27
하신,27
나니,27
마치,27
드리고,27
한다면,27
져,27
검수,27
트,27
부족해요,27
연결하는,27
화면비,27
보고있다가,27
멈추거나,27
숫자,27
일본드라마,27
듀얼,27
해본,27
사서,27
끊기는데,27
옥수수,27
요가,27
상영,27
아시,27
연간,27
