,0
영화,7219
앱,6159
결제,6083
자막,6020
화면,5731
재생,4817
영상,4674
좋아요,4321
넷플릭스,3981
계속,3915
해주세요,3844
다시,3680
왓챠,3629
돈,3474
사용,3394
수,3219
오류,3180
볼,3169
잘,3135
기능,3090
드라마,3063
거,2994
무료,2942
업데이트,2918
했는데,2832
할,2797
더,2781
진짜,2736
어플,2696
보고,2587
컨텐츠,2582
안,2546
로그인,2449
입니다,2379
해서,2267
환불,2238
이용,2176
쿠팡,2144
달,2113
갑자기,2077
문제,2074
요,2043
화질,2023
하면,2005
좋은데,1966
정말,1942
하는,1940
플레이,1937
제발,1810
접속,1784
해도,1720
삭제,1710
개선,1698
합니다,1688
굿,1681
해지,1672
뭐,1662
설정,1650
해결,1644
추가,1637
실행,1631
시청,1615
자꾸,1601
가입,1571
작품,1563
보기,1546
폰,1498
같아요,1475
티비,1460
해,1452
점,1451
넷플,1444
후,1434
좋겠어요,1421
배속,1418
있는,1384
안되네요,1361
설치,1359
소리,1342
생각,1336
로딩,1323
그냥,1309
전,1289
좋은,1287
서비스,1281
안되고,1264
개,1253
인증,1235
하는데,1211
지금,1208
없고,1202
자동,1202
취소,1179
부탁드립니다,1166
사람,1151
없네요,1133
있습니다,1111
있어서,1104
없는,1102
보는데,1095
다운,1091
디즈니,1086
건지,1084
같은,1081
구독,1078
말,1069
있는데,1056
한국,1044
조절,1043
최고,1032
지원,1030
가요,1016
연결,1009
리뷰,1004
내,1000
처음,999
시즌,996
번,995
안됨,991
하고,977
정도,970
없어서,966
콘텐츠,932
자체,931
좋겠습니다,929
못,927
없어요,922
때문,919
많아서,917
검색,905
되고,899
다운로드,898
중,897
안됩니다,887
뜨고,885
핸드폰,877
없음,870
별로,870
이용권,866
회원,866
오늘,858
한,857
확인,850
재,849
버튼,847
게,842
영어,835
한번,832
와우,829
애니,828
나오고,827
부분,826
선택,825
해야,817
되는데,815
보는,815
아예,812
된,805
좋네요,796
있어요,792
고객,789
보려고,786
버퍼링,786
수정,782
많은,771
시,769
가격,766
성인,765
도,765
좋습니다,763
있으면,762
함,761
돼요,757
보면,750
경우,747
되는,740
계정,725
안되요,724
모바일,719
시리즈,706
추천,702
기기,700
많고,696
내고,695
걸,690
기,688
건가,683
무한,679
갤럭시,672
방법,656
시작,648
하지,647
앞,645
안드로이드,641
건,641
센터,639
밝기,637
아니고,636
같습니다,636
제대로,631
좋음,630
빠른,628
있게,627
같은데,627
아주,626
임,621
별,621
넘,620
있고,611
와이파이,610
동영상,607
크기,606
하기,602
요즘,602
중간,599
현상,597
되면,595
미드,593
되지,593
감사합니다,590
사용자,588
불편해요,584
이후,583
최신,583
볼때,581
문의,580
있었으면,578
고쳐주세요,576
꼭,575
않고,574
뒤,571
됩니다,570
이유,568
렉,564
버전,564
저장,563
보다가,563
노트,562
크롬캐스트,552
자주,546
쓰고,541
한국어,538
되네요,533
부탁드려요,533
속도,531
더빙,528
한글,527
창,522
많아요,519
이건,518
번역,514
에러,510
주세요,510
데이터,509
불편합니다,501
다양한,500
하게,498
깔아도,497
체험,495
됨,495
유료,494
아이패드,492
하려고,488
안되는,488
굳,487
좋겠네요,486
바랍니다,482
분,482
프로그램,481
프로필,478
안되나요,476
보니,475
카드,475
이제,471
하네요,465
최악,465
업뎃,464
모드,464
아이폰,460
뜨네요,459
않네요,459
없나요,457
서버,454
발생,452
카테고리,451
누르면,451
없습니다,451
전체,449
답변,449
검은,448
애니메이션,447
스마트,447
볼수,444
알,443
버그,441
결재,440
만,440
수가,434
터치,432
없는데,431
목록,430
데,426
되어,424
상태,423
할수,422
나와요,421
요청,418
태블릿,416
반복,412
매우,411
하세요,410
개월,409
원래,408
이어,408
하루,407
구글,407
같네요,407
하나요,406
예능,404
넣어주세요,401
되나요,400
좋고,399
최근,398
있네요,397
보고싶은,396
봤는데,395
하라,394
완전,394
옛날,391
주고,388
해외,385
축구,385
않습니다,384
휴대폰,384
듯,383
예전,382
미러링,381
종료,381
유저,379
가끔,378
아이디,377
관리,377
편,377
않아요,377
날,376
메일,374
플립,372
좋,368
되서,368
올려주세요,367
는,367
몇번,366
안되는데,366
구매,365
정지,365
있었는데,365
본,365
아쉽네요,363
주,361
안되서,360
나오네요,360
나오는,357
바,357
키,356
아니라,355
정기,354
멈추고,350
조치,348
기본,348
며칠,346
인터넷,346
유튜브,345
했더니,345
보지,345
없다고,343
돼서,343
스트리밍,340
기간,337
경기,336
만들어주세요,336
많네요,335
했습니다,335
불편하네요,334
뭔가,334
모든,333
로고,333
부탁,333
용,330
있어,330
변경,330
떠서,329
시도,328
곳,327
보,327
좋을,326
해리포터,326
있음,325
사랑,325
써,324
신청,324
하니,321
뜨는데,321
도대체,319
될,319
전혀,319
화,317
나오는데,317
없다,317
팝업,317
장르,314
떠요,314
이메일,312
동시,312
큰,310
해주시,307
끊김,307
좋아하는,305
대체,304
없는게,304
처리,303
쓰레기,303
플레이어,303
보다,301
지웠다,301
탈퇴,300
마블,300
먹통,299
제일,298
그것,297
페이지,297
봐도,292
줄,292
볼수가,292
플러스,291
껐다,288
항상,287
많은데,287
글,287
뭘,285
찜,284
제공,284
쓰는데,282
볼려고,280
문자,280
시스템,279
어쩌,279
비,278
개인,278
비해,278
안보,276
그대로,275
평가,275
보게,274
뜨면서,273
그거,272
탭,271
이해,270
외국,270
했다가,269
아닌가요,269
종류,268
등록,268
아쉬워요,268
좋다,268
장난,265
들어,265
없어,264
건너,264
많음,263
번호,263
모르겠네요,262
나서,262
나와서,261
느낌,261
컴퓨터,260
지우고,258
취향,258
네트워크,257
정보,257
싶은데,256
프리미엄,256
받고,256
요금,255
나옴,254
싱크,253
보라,253
해주셨으면,251
현재,251
있나요,251
감상,250
비밀번호,248
짱,248
오프닝,247
불가,247
맘,247
위,246
홈,245
겁,245
중계,243
마음,243
재부팅,243
업로드,242
받아,241
멤버십,241
입력,241
수준,241
끊기고,240
뜹니다,240
가지,240
연결해서,240
플랫폼,239
은,239
장면,238
모자이크,237
보고싶어요,234
안될까,234
리지,234
되,233
원하는,233
공부,232
로그아웃,232
나중,231
꽤,230
안된다고,230
표시,230
새로,229
해주시면,229
로켓,228
비교,227
솔직히,227
안녕하세요,227
정액,227
보고있어요,227
프로,227
하는게,227
화가,227
되었으면,226
이전,226
음성,226
나옵니다,225
실망,224
드립니다,224
재밌게,224
알림,223
들어가면,223
세,222
게임,222
보던,221
좋을것,221
가능하게,221
가장,219
싶은,218
조정,218
애플,218
아닌,218
분명,218
참고,218
아쉬운,217
디바이스,217
는데,217
비번,216
불편,216
집,215
쓰는,215
작동,214
하는거,214
광고,213
점점,212
않음,212
아님,212
않는,211
외,211
재미,211
라면,210
분류,210
되다가,209
일본,209
보고싶은데,209
언어,209
했는데도,209
됐는데,208
하다가,208
초기,207
전화,207
봅니다,205
잠금,205
감사하겠습니다,205
정상,205
개발자,205
작은,205
기록,204
만들어,204
적,202
기도,202
있는지,201
신경,201
평점,201
마세요,201
진행,201
한편,200
웨이브,199
식,199
찾기,199
만료,198
정,198
불편함,198
예정,197
내용,197
햇,196
삼성,196
만족,195
그런,195
출시,194
있다고,193
클릭,193
들어가서,193
강제,193
에피소드,192
눈,192
지원이,191
미국,190
공짜,189
새로운,189
피드백,189
있지만,189
기존,188
된거,188
끝,188
상황,187
기분,187
한지,185
마지막,185
끊겨요,185
젠,185
안되는건,185
위해,185
깔고,184
회전,184
심해,182
보고있는데,182
좀더,182
해봤는데,182
깔아,181
돼,181
연동,181
안되면,181
스,181
대한,181
회차,181
역시,181
짜증,180
장점,180
코드,179
단점,179
했으면,178
보는게,178
그게,178
볼거리,178
그러네요,178
이용자,178
볼거,178
답,177
인터페이스,177
쓸,177
친구,176
좋을거,176
폰트,175
국내,175
회,174
가기,174
하려,174
키즈,173
좋아용,173
알려주세요,173
걸리고,172
눌러도,172
사이트,172
위치,172
공지,172
움,172
편의,172
까요,171
일주일,171
멤버,170
가로,170
노트북,170
아쉽습니다,170
좋지만,169
해제,169
다른건,168
많아,167
관련,167
쳐,167
해보고,167
했다,167
들어가져요,166
지,166
무조건,165
다가,165
필요,165
로그,165
아닌데,165
굿굿,165
재밌어요,165
들어가,165
설명,165
몇개,164
댓글,164
매달,164
스마트폰,164
봐요,164
불편한,163
깔았는데,162
순간,162
나오면,161
보는건데,161
해야하나요,161
있다면,160
보고있습니다,160
고화질,160
받아서,160
판,159
않은,158
봄,158
않아서,157
편하고,157
알았는데,156
껏,156
인기,156
갤럭시탭,156
아이콘,156
티빙,155
이름,155
진심,155
누가,155
얼른,154
명작,154
끊겨서,154
난,153
고민,153
해봐도,153
볼수있어서,153
뜸,153
멈춤,153
하는건,153
당황,153
왓차,153
만족합니다,152
않아,151
작,151
짜증나네요,151
빠르게,151
굉장히,151
애,150
한다,150
없네,150
재밌는,150
이동,150
봐야,150
넘게,149
하는지,149
첫,149
보면서,149
해놓고,149
비율,149
연령,149
않,148
사항,148
괜찮은데,148
거나,148
같음,147
국가,147
편하게,147
수도,147
대박,147
덕분,147
크게,147
거리,146
연락,145
음,145
최신영,145
되어서,144
마찬가지,144
굳이,143
하니까,143
한가지,143
있다가,143
가성,143
메뉴,143
절대,143
오프라인,143
나왔으면,142
그래요,142
잘만,142
만화,142
다양하고,142
환경,141
볼륨,141
타,141
감기,141
켜도,141
많습니다,140
개발,140
되는건,140
안되죠,140
잘못,139
일시,139
뜨는,139
뿐,139
틀,139
신작,139
금액,138
없다는,138
메인,138
싶어요,138
확대,138
갤,138
가능한,137
모르겠어요,137
여러,136
볼것도,136
있을,136
땐,136
배송,136
널,136
보이,135
주시,135
제목,135
엉망,135
재미있게,135
보입니다,135
이안,135
싶어서,134
상담,134
없으면,134
로만,134
남,134
있는게,133
됐으면,133
회사,133
튕기,133
짜증나서,133
한참,132
튕겨,132
남깁니다,132
좋았어요,132
했을,132
지웠다가,132
보상,132
봐서,131
가능,131
하여,130
나라,130
같아서,130
불편하고,130
방금,130
쉽,130
저번,130
밑,130
생기,130
되는거,130
레이디,130
오류로,130
속,129
되었습니다,129
쿠플,129
대부분,129
메세지,128
볼수있게,128
디자인,128
배,128
그렇고,128
순,128
하려는데,128
조아요,127
로드,127
습,127
완료,126
원피스,126
겁나,126
나네요,126
더욱,126
했던,126
쪽,126
니,126
세로,125
봤던,125
공유,125
리스트,125
해줘요,125
일드,125
뛰기,125
없는건,125
이러면,124
있도록,124
거기,124
안나,124
개판,124
구글플레이,124
기대,123
안내,123
할려고,123
적용,122
제한,122
스킵,122
된다고,122
면,122
토트넘,122
안해,121
하이큐,121
왕좌,121
전환,121
미리,121
켜,121
애용,121
호환,121
통해,120
지속,120
손흥민,120
이틀,120
재미있는,120
볼라,120
의견,120
맞는,119
답장,119
개도,119
이럴거면,119
이면,119
되는게,119
싶네요,119
되요,119
사실,118
집중,118
걸려서,118
역,118
발전,118
정리,117
재미있어요,117
된다면,117
그런지,117
없는거,117
고,116
중지,116
부족,116
했지만,116
나온,116
제거,116
명,115
없을,115
유명한,115
나오나요,115
해주면,115
나오게,115
아까,115
생겼으면,114
해당,114
질,114
짜증나요,114
일이,113
아무,113
안되네,113
달이,113
모르겠지만,113
고정,113
검정,113
배경,113
처럼,112
나오지,112
있다는,112
있던,112
주행,112
패드,112
저렴한,112
운영,111
했고,111
방송,111
하네,111
않았는데,111
쉽게,111
갱신,111
방영,111
공개,111
중이,111
문구,111
다해,111
아래,111
종,110
이런거,110
실수,110
머,110
기준,110
구려,110
돼고,109
되었는데,109
하겠습니다,109
작게,109
벌써,109
금제,109
설강화,109
하려면,109
안된다,109
미,108
좋겠다,108
증상,108
끊기네요,108
칼날,108
박스,108
찾는,108
음량,107
감,107
일본어,107
다양하게,107
안되는게,107
꺼지고,107
감사,107
퀄리티,107
봤어요,107
좋아서,107
스트레스,106
않나,106
들어갈,106
좋아여,106
짐,106
좋겠음,106
할수있게,106
불만,106
입장,105
한다고,105
고쳐,104
자료,104
도안,104
될까,104
막,104
유지,104
글자,103
오역,103
글씨,103
물,103
괜찮은,102
모르고,102
끄고,102
일부,102
팝업창,102
의미,102
중국,102
싶습니다,102
똑같은,102
있는데요,102
쓰다가,102
반영,102
좋았는데,102
복구,102
마이,102
검은색,102
있는건,101
초,101
연장,101
열,101
웹,101
옵션,100
쫌,100
혜택,100
있는거,100
배우,100
무,100
하던,100
보고있었는데,100
편이,99
들이,99
않는데,99
아쉬움,99
실패,99
대비,99
만든,99
중요한,99
긴한데,99
두,99
한국영,98
독점,98
멀티,98
심하네요,98
대해,98
테블릿,98
같고,98
도중,98
욕,97
새,97
바람,97
극장판,97
먼저,97
싶은게,97
힘들어요,97
안되,96
지나면,96
업그레이드,96
가족,96
빼면,96
받은,96
짓,96
할까,96
대사,96
답답하네요,96
이상한,96
눌러서,96
같아,95
보임,95
상단,95
면서,95
뭡,95
봤습니다,95
도저히,95
다양해서,95
안되는거,94
좋긴,94
아깝네요,94
기업,94
깜빡,94
멈춰서,94
나머지,93
보고싶었던,93
모르겠는데,93
라운드,93
넥플릭스,93
놈,93
많다,93
계획,93
스럽네요,93
심함,93
했다고,93
여러가지,92
있을까요,92
넣어,92
잘쓰고,92
고요,92
똑같네요,92
불구,92
인,92
멈춰요,92
심해서,92
튕,92
많았으면,92
새벽,92
해보니,91
달라,91
보려면,91
채널,91
소비자,91
크롬,91
같은거,91
디,91
방향,91
납니다,91
오디오,91
기종은,91
화로,91
려고,91
제트,90
사라지고,90
보이네요,90
화이팅,90
아깝다,90
생중계,90
나고,90
울트라,90
점도,90
캐시,90
플렉스,89
할수가,89
보세요,89
는걸,89
되었네요,89
보려,89
입,89
니당,89
보려는데,89
열려요,89
하죠,88
되는지,88
좋아하는데,88
눌렀는데,88
본인,88
없지만,88
듭니,88
보이지,88
풀,88
하시는,88
된다,88
손,88
멋대로,87
얘기,87
왔는데,87
방식,87
나름,87
런닝맨,87
나갔다,87
찾아서,87
해라,87
저화질,86
그동안,86
상당히,86
꺼져요,86
좋게,86
도움,86
없,86
제작,86
늦게,86
나오다가,86
생겨서,86
해야지,85
넣어주시면,85
감동,85
만하,85
나올,85
해줬으면,85
부족한,85
활성화,85
네이버,85
없었는데,85
받았는데,85
채,85
보네요,85
넘어가질,85
은근,85
겁니다,85
불편해서,85
앞뒤,85
빔,84
즐겨,84
하자,84
않나요,84
직접,84
하기가,84
주로,84
합,84
종일,84
처,84
응원,84
깔았는데도,84
돌려주세요,84
편해요,83
하래,83
빨,83
가능하면,83
란,83
까만,83
해상도,83
구림,83
캐스트,83
옆,83
평,82
쿠폰,82
가서,82
하냐,82
늘,82
이야기,82
쓰기,82
빼고는,82
선,82
둘다,81
워킹데드,81
화보,81
먹고,81
멈춰,81
당연히,81
비슷한,81
스토어,81
오고,81
좋겠고,81
이따,81
했었는데,80
몇몇,80
드,80
하러,80
준비,80
사라져서,80
내야,80
용량,80
살,80
중드,80
오지,80
볼수있는,79
많지만,79
비싼,79
올려,79
됌,79
뛰,79
안될,79
꾸준히,79
최적화,79
문제점,79
몰라도,79
껐다가,79
경쟁,78
중단,78
인생,78
걸려요,78
오른쪽,78
되었다고,78
끝나고,78
파일,78
구분,78
끊김이,78
했네요,78
심하고,78
핀,78
보완,78
료,78
됐다고,78
쭉,77
꿀잼,77
땜,77
라이브,77
비용,77
전원,77
초반,77
이었는데,77
이중,77
갑니다,77
거지,77
작아서,77
갤탭,77
최대,77
해킹,77
없죠,77
세상,77
분명히,77
사라짐,77
였는데,76
걸림,76
좋았습니다,76
종종,76
차별,76
끝나면,76
버리고,76
평소,76
해주는,76
혜자,76
됐네요,76
전반,76
돌려,76
집니다,76
빵빵,75
블랙,75
올려주시면,75
없으니,75
짜증남,75
있나,75
오래된,75
하자는,75
해주고,75
단,74
싶어,74
서,74
작아요,74
정작,74
알아서,74
받을,74
싶은거,74
원,74
안되는거죠,74
화면비율,73
필요합니다,73
신고,73
리,73
양,73
밤,73
느리고,73
사운드,73
살짝,73
법,73
후회,73
안되니,73
되면서,73
건의,73
똑바로,73
깔아서,73
모델,73
불편하게,72
그런게,72
드려요,72
안함,72
수단,72
아니네요,72
쇼,72
있으니,72
포기,72
이벤트,72
버퍼,72
가능했으면,72
동의,72
기억,72
눌러,72
해주셔서,71
씁니다,71
보시,71
싶을,71
인지,71
킹덤,71
이나,71
그러고,71
되길,71
안된,71
맞아요,71
괜찮아요,71
유,71
확실히,71
똑같아요,71
꽉찬,71
모르겠고,71
관심,71
후기,70
고치,70
이러네요,70
터,70
하며,70
되질,70
날짜,70
할지,70
사기,70
맞게,70
체크,70
빼고,70
들어가지지도,70
들어오면,70
안나옵니다,69
우리나라,69
있지,69
해주,69
기를,69
보는거,69
됐어요,69
끊기는,69
한국인,69
할게요,69
안되게,69
않으면,69
받는,68
더니,68
조작,68
가능한가요,68
보관,68
세계,68
들어요,68
계약,68
코로나,68
분할,68
누르고,68
이상하게,68
치,68
예상,68
들어가도,68
김,68
없을까요,67
답답해요,67
달동,67
무제한,67
유투브,67
재밌고,67
발,67
라이센스,67
응답,67
중복,67
않게,66
만원,66
보이는,66
되더니,66
애초,66
항목,66
난리,66
된건,66
해주실,66
맨,66
다큐,66
다른거,66
몰입,66
버젼,65
빼곤,65
돈대,65
패치,65
최소,65
전화번호,65
들리고,65
되지도,65
불법,65
팬,65
야함,65
짜증나,65
영드,65
폴드,65
배터리,65
아닌가,65
유리,65
포함,65
카톡,65
일전,65
할듯,65
아닙니까,65
히어로,64
아는,64
버벅,64
엄마,64
아닌거,64
지도,64
코난,64
기는,64
좋을듯,64
진격,64
막상,64
피씨,64
오타,64
둔,64
있던데,64
지불,64
들어가지네요,64
아니라고,64
강추,64
나루토,64
크롤,64
찾을,64
되어있는데,64
사이즈,64
통신,63
끊깁니다,63
늘려주세요,63
시일,63
취,63
바꿔주세요,63
윈도우,63
어케,63
거임,63
시대,63
사라지는,63
반,63
홍보,63
작성,63
꺼집니다,63
오면,63
감사해요,63
반응,63
쓰고있는데,63
구리,63
넘어왔는데,63
다중,63
갈,63
넘어갈,63
저작권,63
있어야,63
짜증나네,63
보고싶어서,63
기술,63
따,63
아카데미,62
잼,62
불편함이,62
버리네요,62
없는것도,62
없어지고,62
차이,62
되니,62
존재,62
고쳐주시면,62
할것,62
홈페이지,62
이러죠,62
딱히,62
보는건,62
들어갔는데,62
좋아해서,62
하기도,62
안정,62
실시간,62
줬으면,62
해주세여,62
짜증납니다,61
걸리네요,61
다르게,61
있었음,61
즐겁게,61
답답해서,61
추억,61
좋지,61
두고,61
대기,61
통화,61
업,61
전송,61
보냈는데,61
귀멸,61
꺼짐,61
기다려,61
책,61
주말,61
많지,61
되었어요,61
슝,60
특정,60
뭉탱이,60
신규,60
고려,60
있는것,60
찾아,60
쓰지,60
됬는데,60
있,60
검정색,60
힘드네요,60
대,60
왓,60
해달라고,60
실화,60
충분히,60
박,60
이러는,60
기만,60
경험,60
해주시길,60
아침,60
편리하고,59
불가능,59
뜨지,59
다시는,59
진,59
값,59
아쉽,59
넘어가요,59
되죠,59
할거,59
결과,59
캡쳐,59
짜증나게,59
저렴하고,59
즐길,59
플레이도,59
회색,59
페이,59
하고싶은데,59
하단,59
차가,59
중국어,59
볼수있어,59
메시지,59
지난,59
넘어가지,59
하던가,58
제외,58
왔다,58
필요해,58
주술,58
할거면,58
바꾸고,58
버림,58
안됩니까,58
들어서,58
하려니,58
됩니까,58
왓챠플레,58
기다리고,58
접,58
펜트하우스,58
단계,58
답답합니다,58
꺼져,57
쓰면,57
팀,57
보는것도,57
나갔다가,57
나가고,57
알람,57
유독,57
부탁드릴게요,57
긴,57
맛,57
스크린,57
내내,57
중인,57
계좌,57
느려요,57
없는것,57
통합,57
모르는,57
아까워요,57
나와,57
없더라구요,56
아닙니다,56
엔딩,56
베이직,56
그런거,56
칸,56
가능한데,56
일일이,56
없어져서,56
채팅,56
스포츠,56
연결하면,56
돼네요,56
마,56
되니까,56
정렬,56
하지도,56
여요,56
적도,56
개꿀,56
간,56
켜야,56
가짐,56
아무런,55
전이,55
이정,55
엘지,55
나쁘지,55
일부러,55
고쳐주셨으면,55
런가,55
넘어가는,55
용이,55
필요한,55
같은건,55
의문,55
급,55
만해,55
썼는데,55
해줘서,55
직관,55
컨트롤,55
그러는데,54
모르겠음,54
모니터,54
무한도전,54
고해,54
요새,54
했음,54
유용하게,54
궁금합니다,54
구성,54
스포,54
버려서,54
기다려야,54
야하는,54
방해,54
하든,54
스타워즈,54
재시,54
주소,54
해줘,54
아니지만,54
하실,54
했으나,54
몰라서,54
최대한,54
맞지,54
깔끔하고,54
바탕,54
잘사,54
길,54
튕김,54
모르겠습니다,54
최소한,54
넘기기,53
아니에요,53
어서,53
있다니,53
싼,53
많은거,53
해놓은,53
저절로,53
할수있는,53
평생,53
제작자,53
짱짱,53
닥터,53
링크,53
시청자,53
심하게,53
번은,52
된다는,52
위주,52
튕기네,52
안되어,52
비디오,52
무시,52
심합니다,52
볼려,52
되어있고,52
뜨게,52
닥터후,52
발견,52
나이,52
금,52
켜면,52
바뀐,52
흠,52
주심,52
직원,52
안되는지,52
보이는데,52
꽉,51
적은,51
칼,51
되어야,51
여태,51
최,51
하는건데,51
수고,51
같은게,51
구입,51
이런게,51
짜,51
일반,51
켜서,51
루팅,51
정신,51
만들어서,51
절차,51
하고나서,51
투자,51
미리보기,51
노력,51
하고있습니다,50
관람,50
뜨나요,50
갓,50
좋다고,50
코멘트,50
이러는지,50
불,50
화나네요,50
밖,50
파티,50
까맣게,50
보통,50
뷰,50
놓고,50
기전,50
청불,50
거려,50
다른사람,50
받아도,50
결정,50
짱구,50
적어요,50
온,50
확,49
새로고침,49
구로,49
안되는데요,49
보드,49
바꿔,49
테스트,49
써주세요,49
멈춥니다,49
넘어가고,49
들어가지지,49
들어가지지가,49
켜져요,49
합시다,49
갈수록,49
쳐도,49
음악,49
인식,49
남겨,49
별하나,49
까,49
어보,49
뜨면,49
싸고,49
아쉽지만,49
하시고,49
왓플,49
답답해,49
셜록,49
드네,48
이러나요,48
나오는게,48
되나,48
있어도,48
구간,48
꺼,48
야하는거,48
이럼,48
멸,48
만들어주시면,48
그럴까,48
해보세요,48
주셨으면,48
느림,48
인상,48
실제,48
들어가지는데,48
한적,48
옴,48
커서,48
세번,48
써서,48
공간,48
쓴,48
덱스,48
시키면,48
드는,48
상,48
그럴,47
걸립니다,47
시켜,47
했,47
열차,47
레노버,47
사라졌어요,47
미디어,47
식이,47
꺼지네요,47
대응,47
깔,47
한건데,47
가능하다고,47
내면,47
아닌것,47
여긴,47
나면,47
청구,47
짜리,47
가독성,47
이상해요,47
크레딧,47
맞고,47
목소리,47
바뀌고,47
요구,47
위로,47
스파이더맨,47
떠,46
편집,46
사라지지,46
아마존,46
심슨,46
되던데,46
올라오는,46
뜻,46
삶,46
하지말고,46
해놨는데,46
소프트웨어,46
됐다,46
올라와서,46
피,46
개봉,46
위아래,46
없게,46
세대,46
안된다는,46
장사,46
힘듭니다,46
보안,46
괜찮네요,46
먼,46
코,46
사진,46
플스,46
두번째,46
저녁,46
의역,46
거인,45
왼쪽,45
보겠습니다,45
하시길,45
보겠어요,45
타임,45
와서,45
하긴,45
흐름,45
싶었던,45
교육,45
외국어,45
체,45
바꿀,45
것좀,45
가는,45
필수,45
믿고,45
오브,45
내일,45
마다,45
똥,45
깔았다,45
던지,45
인간,45
놔,45
꼴,45
모양,45
했으니,45
첨,45
션,45
멈추는,45
아깝지,45
방안,45
됬으면,44
불편해,44
볼건,44
깨지고,44
볼땐,44
만족스럽습니다,44
들은,44
걸리는,44
플레이스토어,44
뜨,44
사이,44
갔다,44
더럽게,44
재밌는거,44
꼬박꼬박,44
꺼지는,44
시켜주세요,44
알수,44
로서,44
좋구요,44
전용,44
골라,44
관리자,44
해줘야,44
빡침,44
불러오지,44
똑같고,43
들어와서,43
생,43
놔서,43
노,43
원인,43
메모리,43
얘,43
등급,43
빠르고,43
차,43
똑같습니다,43
멈춘,43
인해,43
있었습니다,43
강,43
가능할까,43
이럴,43
싫어요,43
몰라,43
않을,43
지경,43
나도,43
끊고,43
싶어도,43
해야하는,43
탓,43
이러는거죠,43
바램,43
뜨더니,43
하고있는데,43
고치세요,42
골,42
않은데,42
싹,42
품질,42
편리하게,42
남겨요,42
표기,42
리좀,42
걸까,42
나오는거,42
모던패밀리,42
보나,42
버렸네요,42
필터,42
봤지만,42
시정,42
굿굿굿,42
부담,42
고전,42
본거,42
않았습니다,42
반말,42
해야되,42
썸네일,42
해보면,42
해봤지만,42
좌우,42
쓰,42
보여요,42
참다,42
검열,42
좋으나,42
와챠,42
만들고,42
없어졌네요,41
몰아,41
되어있네요,41
불러,41
보겠네요,41
작년,41
높은,41
킬링,41
맞는데,41
점검,41
주기도,41
쓰게,41
차차,41
싶은건,41
초창,41
과정,41
명대사,41
맞나요,41
스타일,41
되는거죠,41
됐습니다,41
없어도,41
학생,41
하더니,41
없애주세요,41
인물,41
존댓말,41
넘나,41
만족해요,41
되도록,40
끊,40
본다,40
베리,40
카카오,40
멈추네요,40
젤,40
빠른시,40
부,40
사라졌네요,40
어두워서,40
파악,40
시급합니다,40
지브리,40
사라져요,40
우회,40
이브,40
세분,40
능력,40
핸폰,40
할게,40
감독,40
시기,40
컴,40
모르게,40
서는,40
되어있어서,40
나오네,40
일정,40
페이스북,40
하고있어요,40
않을까,40
버렸어요,40
빡쳐서,40
개인정보,40
고맙습니다,40
주는,40
하시면,40
이미지,40
부모님,39
찾아봐도,39
오픈,39
스토리,39
했는지,39
뜨는게,39
쓸만,39
없는지,39
아쉬운건,39
완전히,39
보고싶을,39
간혹,39
이러는데,39
하는것,39
라며,39
볼까,39
나왔는데,39
될것,39
샀는데,39
샤오미,39
크,39
냈는데,39
되던,39
앱스토어,39
없다는게,39
프로젝터,39
검토,39
연속,39
안하나요,39
도깨비,39
힘든,39
작고,39
했는데요,39
들어가지고,39
즐기고,39
싶었는데,39
구동,39
도하,39
겹,39
그렇네요,39
나가는,39
겨,38
하는데요,38
아니지,38
비추,38
도입,38
지났는데,38
완성,38
대충,38
사라집니다,38
단어,38
일일,38
통장,38
쓰지도,38
해주시고,38
이외,38
베타,38
들어와,38
달리,38
되도,38
있긴,38
유도,38
금방,38
돼나요,38
사양,38
지나서,38
올라왔으면,38
튼,38
올,38
랙,38
보러,38
쓰고있습니다,38
드럽게,38
거만,38
호,38
보고있는,38
도와주세요,38
통신사,38
치명,38
어차피,37
당일,37
같은데요,37
이점,37
심심할,37
아니라서,37
궁금하네요,37
해야하는지,37
보유,37
힘들고,37
넘길,37
않을까요,37
하는거죠,37
아까워,37
해주세용,37
노답,37
몰입도,37
수동,37
재밌네요,37
이용도,37
싶지,37
그랬는데,37
올리고,37
지역,37
왜안,37
가면,37
문제해결,37
받네요,37
알려,37
주일,37
째,37
있네,37
답글,37
던,37
하던데,37
없으니까,37
셈,37
노출,37
떨어짐,37
시점,37
역사왜곡,37
주변,37
떨어집니다,36
작업,36
버벅거림,36
심각하게,36
런칭,36
듣고,36
자리,36
기계,36
스럽습니다,36
기다려도,36
대처,36
끊었는데,36
체르노빌,36
툭하면,36
준,36
번창,36
왜케,36
쵝오,36
뜨죠,36
뜨는거,36
오징어,36
틀렸다고,36
빡치게,36
아마,36
브라우저,36
와이프,36
만족하고,36
야해서,36
죽겠네,36
떨어져요,36
받지,36
유플러스,36
빨간,36
헐,36
안되냐,36
봐야하는데,36
음향,36
이래요,36
기대합니다,36
워,36
애정,36
영화관,36
그러는,36
업체,36
접근성,35
형님,35
둘째,35
신용카드,35
이러는건,35
어플리케이션,35
봤더니,35
해줌,35
동일한,35
아닌듯,35
있었던,35
줌,35
빅뱅이론,35
씀,35
선호,35
가고,35
넘어감,35
하였는데,35
편리,35
안좋은,35
케이블,35
단위,35
가안,35
어린이,35
생활,35
걱정,35
고쳐라,35
빠져,35
그리,35
새끼,35
해야하죠,35
에어플레이,35
안되구요,35
좋소,35
보고싶던,35
쯤,35
써도,35
만드는,35
보려고하면,35
포스터,35
축소,35
지나도,35
폭,35
중국드라마,35
이구,35
관계자,35
아치,35
들어가지질,35
미드나,35
양심,35
있는것도,35
적고,35
점수,34
미성년,34
영화로,34
예고편,34
적음,34
주기,34
있더라구요,34
다행,34
떨어지는,34
나오면서,34
주간,34
한눈,34
했다는,34
태양,34
버벅거리,34
조,34
찾아도,34
긋,34
안되나,34
어둡게,34
같,34
만족하며,34
제품,34
푹,34
모습,34
검게,34
해주셨음,34
이어폰,34
빈,34
그다음,34
떨어지고,34
빡치네,34
왤케,34
치면,34
켜고,34
답답,34
있죠,34
쓰면서,34
담당자,34
가보,34
소개,34
하길,34
상하,34
마자,34
않는다,34
오후,34
유명,34
됐었는데,34
맞아서,34
활용,34
재밌다,34
나오다,34
빼,34
달치,33
하란,33
추후,33
튕깁니,33
횟수,33
미니,33
재난,33
능이,33
구독료,33
야할,33
호텔,33
한계,33
끼리,33
적어서,33
하시나요,33
대신,33
바꾸는,33
나오는건,33
왔습니다,33
하던지,33
을해,33
좋겟어요,33
서로,33
않지만,33
사라지네요,33
번역기,33
들을,33
이득,33
류,33
이럴꺼면,33
마시고,33
봤었는데,33
주셔서,33
들고,33
지나,33
덜,33
만족하면서,33
지웠는데,33
아니죠,33
질문,33
나오질,33
깔면,33
하기를,33
제로,33
되지만,33
동생,33
틀어,33
국민,33
장기,33
터져서,33
들어가지도,33
바꿔도,33
디플,33
잔액,33
켰다,33
보던거,33
아시아,33
그닥,33
번역가,33
나오거나,33
보아,32
레이,32
있다는게,32
바꿨는데,32
이기,32
나오죠,32
음질,32
많으면,32
같네,32
넘어가면,32
있으니까,32
없나,32
리스,32
많다고,32
인치,32
넘어가네요,32
부족함,32
욤,32
레터,32
올라온,32
인트,32
들어왔으면,32
표현,32
캐스팅,32
모로,32
이슈,32
나온다,32
일까,32
최대로,32
한영,32
가나,32
재밌는게,32
없지,32
받는데,32
스페인어,32
앤,32
낫다,32
대로,32
방,32
떨어지네요,32
상품,32
다신,32
노잼,32
편하네요,32
뜬,32
포맷,32
기다렸는데,32
해주던가,32
프레임,32
누,32
매력,32
차지,32
뜨는건,32
뭐임,32
댐,32
안좋아요,32
있길래,32
가능하고,32
쿠키,32
셋탑,32
염,32
가까이,32
차단,32
들리는데,32
없고요,32
첫날,32
먹으면서,32
읽어,32
저렴하게,32
재밌음,32
통,32
없구요,32
쓰고있어요,31
가능하다면,31
좋겠는데,31
어려운,31
받음,31
쳐서,31
만들어주셔서,31
해야만,31
쓰던,31
바꿔서,31
되기,31
지네,31
영문,31
갈아탔는데,31
조속,31
되어있는,31
되더라구요,31
완벽,31
하려니까,31
볼것,31
만점,31
야해요,31
역사,31
보려니,31
사업,31
메리트,31
볼려면,31
보려니까,31
프렌즈,31
성의,31
봤네요,31
보네,31
관,31
테두리,31
버리는,31
끊기면,31
고생,31
깨져서,31
만들면,31
탐색,31
볼수있고,31
생긴,31
넘어,31
지인,31
않되,31
부족하지만,31
뜨길래,31
더블,31
써요,31
님들,31
약,31
가치,31
없더라고요,31
너무하네요,31
호구,31
아쉽다,31
티,31
재밋,30
저하,30
판이,30
인할,30
색,30
밥,30
야할듯,30
충전,30
서야,30
후반,30
왓챠앱,30
시키고,30
기적,30
켜짐,30
본적,30
머리,30
절반,30
어렵고,30
놓은,30
해봅니다,30
죽겠어요,30
아빠,30
만들,30
없는거죠,30
괜찮았는데,30
쓸데없는,30
발열,30
커요,30
어떨까,30
열림,30
다양성,30
성격,30
빠져나갔어요,30
넣어주셨으면,30
제어,30
막아,30
볼꺼,30
맞음,30
멈춰있어요,30
일내에,30
심각한,30
보여주세요,30
들면,30
될듯,30
최고다,30
켜지네요,30
전편,30
해야하나,30
좋을텐데,30
없애,30
들여와,30
편함,30
도데,30
좋겠어용,30
차로,30
재미있고,30
이하,30
힘,30
나온지,30
필요할,30
편도,30
큽니다,30
욥,30
봉,30
덕후,30
안되어서,30
카,30
아깝습니다,30
아쉬운게,29
피해,29
고함,29
써야,29
부족합니다,29
대한민국,29
돼는,29
해석,29
마냥,29
공식,29
하도,29
확장,29
변화,29
별도,29
해줄,29
물이,29
하우스,29
모르겠네,29
거지같은,29
체크카드,29
고칠,29
팅기고,29
정식,29
빈번,29
안녕,29
낮은,29
애니매이션,29
트와일라잇,29
많아져서,29
받으면서,29
되었고,29
행복,29
괜찮고,29
소용,29
슬퍼요,29
컨탠츠,29
독자,29
없던데,29
많은것,29
뻔,29
기대하고,29
되냐,29
됐다가,29
여기는,29
깜박,29
의지,29
있구요,29
싶다,29
종이,29
어려워요,29
살다,29
눌러야,29
결론,29
킹,29
어렵습니다,29
돌아가고,29
나왔다,29
적당히,29
해주시나요,29
소문,29
해봤는데도,29
분석,29
유튭,29
들도,29
정책,29
코리아,29
되던게,29
라프텔,29
학교,29
올라오고,29
똑같음,29
된게,29
해야하는데,29
켜지고,29
켜지지도,29
사용성,29
보고싶어도,29
센,29
려,29
멋진,29
버려요,29
분리,29
좋아하고,29
보이스,29
너무한거,28
인정,28
뜨네,28
상치,28
특징,28
한정,28
나는데,28
모르겠다,28
뜨는거죠,28
넘기는,28
사라진,28
쓰는건데,28
아는데,28
하겠어요,28
안되더라구요,28
편리한,28
동작,28
하길래,28
로맨스,28
됬다고,28
말곤,28
마인드,28
될지,28
생깁니다,28
완결,28
컨,28
봤는데도,28
이긴,28
청각장애,28
대요,28
들어가니까,28
루,28
없어졌나요,28
터짐,28
되네,28
맞춰,28
그래픽,28
간다,28
캐릭터,28
잇는데,28
버립니다,28
프리,28
보고싶습니다,28
라이트,28
잔뜩,28
됬네요,28
쉽고,28
할려,28
훨,28
엄청나게,28
동일,28
귀찮아서,28
갑,28
오전,28
불편한게,28
넥플,28
메,28
되야,28
미지,28
필요함,28
매월,28
업뎃후,28
할인,28
포켓몬스터,28
어려움,28
정이,28
없는듯,28
강림,28
컴터,28
미친,28
총,28
이내,28
출력,28
하나로,27
숫자,27
플로,27
아시,27
그레이,27
라서,27
끼,27
나니,27
불량,27
원합니다,27
옥수수,27
찾아보면,27
사기꾼,27
일본드라마,27
낮,27
네플릭스,27
상영,27
사서,27
입니당,27
하신,27
적극,27
줄거리,27
듀얼,27
래서,27
출금,27
보고있다가,27
끊기는데,27
드리고,27
적어,27
스탠다드,27
칭찬,27
나은,27
해주던지,27
이상함,27
미만,27
해본,27
멈추거나,27
안되는것,27
져,27
검수,27
타이타닉,27
연결하는,27
보자,27
요가,27
않아도,27
들려요,27
루나,27
야합,27
트,27
보고싶었는데,27
있고요,27
부탁드리겠습니다,27
가능하도록,27
부족해요,27
끊어서,27
많네,27
하고싶어요,27
블루투스,27
넘어가는데,27
연간,27
혹,27
화면비,27
괜찮음,27
해주나요,27
절,26
맞춤,26
들어왔는데,26
넘어갑니다,26
보거나,26
안좋음,26
안대,26
간만,26
이네요,26
링,26
의도,26
적다,26
장공,26
바꾼,26
주시길,26
가는줄,26
클로버,26
찾아보기,26
잉,26
과거,26
하는데도,26
궁금해서,26
시장,26
손가락,26
그렇다,26
받으면,26
편합니다,26
지나고,26
오리,26
좋으면,26
됬어요,26
알바,26
달도,26
커녕,26
보내,26
여백,26
아유,26
어렵게,26
없잖아요,26
먹튀,26
하겠는데,26
후예,26
이럴까,26
났다고,26
정확히,26
계,26
씨,26
심한,26
나은듯,26
동네,26
안좋네요,26
되는것,26
테츠,26
없으신,26
북,26
봤는지,26
드릴게요,26
의사,26
눈물,26
그러려니,26
재밌는데,26
거슬려요,26
일본애니,26
들어가니,26
스크롤,26
인내심,26
나가면,26
감성,26
걸리는데,26
버린,26
있습니다만,26
멀쩡히,26
지워,26
들리는,26
나음,26
형편,26
느린,26
남았는데,26
누르니까,26
돌아가는데,26
꺼져서,26
히히히,26
어벤져스,26
했음에도,26
거짓말,26
올려주셨으면,26
일도,26
올바른,26
테,26
하였습니다,26
이러고,26
돈나,26
놔도,26
겨울왕국,26
힘들게,26
보내도,26
상세,26
없어짐,25
남자,25
